epoch,accuracy,loss,val_accuracy,val_loss
0,0.5691636204719543,3.52195143699646,0.016544118523597717,4.266432285308838
1,0.47265625,2.4145283699035645,0.025735294446349144,3.7545909881591797
2,0.46760109066963196,2.8419477939605713,0.11397058516740799,3.1936256885528564
3,0.5271139740943909,2.341414451599121,0.11397058516740799,3.0526959896087646
4,0.48460477590560913,2.2738680839538574,0.35661765933036804,3.221679210662842
5,0.5443474054336548,2.301844835281372,0.011029412038624287,4.045252323150635
